<?xml version="1.0" encoding="UTF-8"?>
<project-private xmlns="http://www.netbeans.org/ns/project-private/1">
    <editor-bookmarks xmlns="http://www.netbeans.org/ns/editor-bookmarks/2" lastBookmarkId="0"/>
    <open-files xmlns="http://www.netbeans.org/ns/projectui-open-files/2">
        <group>
            <file>file:/C:/Users/David/Desktop/OAuD/Aufgabenblatt%203/ooadAufgabeMultiSet/src/main/Eingabe.java</file>
            <file>file:/C:/Users/David/Desktop/OAuD/Aufgabenblatt%203/ooadAufgabeMultiSet/src/main/Main.java</file>
            <file>file:/C:/Users/David/Desktop/OAuD/Aufgabenblatt%203/ooadAufgabeMultiSet/src/main/Zugriffsdialog.java</file>
            <file>file:/C:/Users/David/Desktop/OAuD/Aufgabenblatt%203/ooadAufgabeMultiSet/test/main/SystemTest.java</file>
            <file>file:/C:/Users/David/Desktop/OAuD/Aufgabenblatt%203/ooadAufgabeMultiSet/src/main/Sammelbild.java</file>
        </group>
    </open-files>
</project-private>
